"SYMBOL ","OPEN ","HIGH ","LOW ","PREV. CLOSE ","LTP ","INDICATIVE CLOSE ","CHNG ","%CHNG ","VOLUME (shares)","VALUE (₹ Crores)","52W H ","52W L ","30 D   %CHNG ","365 D % CHNG -"
"NIFTY 200","12,430.75","12,452.40","12,359.25","12,418.65","12,370.65","-","-48.00","-0.39","89,71,67,552","36,683.86","14,833.75","11,868.35","-1.87","1.15"
"BHARTIHEXA","1,241.00","1,318.90","1,234.00","1,246.60","1,314.30","-","67.70","5.43","6,60,735","84.55","1,609.30","755.00","-6.58","-"
"AUBANK","535.00","559.25","524.25","524.25","552.50","-","28.25","5.39","61,29,753","338.09","755.40","492.70","-6.96","-11.20"
"SHRIRAMFIN","581.30","605.00","580.30","574.25","603.55","-","29.30","5.10","1,09,12,015","654.00","730.45","438.60","12.23","-75.79"
"BAJAJHLDNG","11,759.00","12,449.00","11,759.00","11,642.05","12,219.15","-","577.10","4.96","1,91,292","233.66","13,238.00","7,659.95","4.01","33.77"
"CHOLAFIN","1,406.15","1,439.95","1,400.50","1,367.80","1,434.05","-","66.25","4.84","38,76,233","553.10","1,652.00","1,011.20","16.37","24.50"
"LTF","136.60","142.18","136.60","133.49","139.88","-","6.39","4.79","1,09,87,896","154.12","194.25","129.20","-5.69","-"
"M&MFIN","274.35","285.70","272.40","271.00","281.20","-","10.20","3.76","27,31,666","76.90","343.00","246.20","4.33","-6.23"
"ABCAPITAL","156.00","160.17","154.18","152.32","157.17","-","4.85","3.18","77,42,350","122.00","246.90","149.01","-7.74","-18.91"
"SRF","2,798.00","2,864.50","2,795.75","2,768.05","2,848.00","-","79.95","2.89","10,67,510","302.82","2,983.90","2,089.10","7.69","15.68"
"BAJFINANCE","8,542.60","8,739.00","8,542.60","8,488.80","8,720.05","-","231.25","2.72","12,91,393","1,120.62","8,739.00","6,187.80","16.36","29.48"
"POONAWALLA","277.30","291.95","277.20","276.20","283.60","-","7.40","2.68","36,01,196","103.35","514.00","270.05","-10.77","-41.64"
"BAJAJFINSV","1,882.15","1,938.80","1,881.00","1,875.10","1,925.00","-","49.90","2.66","22,40,687","429.76","2,029.90","1,419.05","9.55","17.15"
"VOLTAS","1,285.10","1,317.95","1,275.00","1,277.70","1,308.00","-","30.30","2.37","18,97,427","247.48","1,944.90","1,023.95","-9.94","14.36"
"FACT","718.90","735.00","703.95","713.80","730.00","-","16.20","2.27","2,87,759","20.75","1,187.00","572.60","-20.61","-7.57"
"SBICARD","844.90","864.75","844.00","840.70","856.75","-","16.05","1.91","17,63,387","151.06","872.00","647.95","11.54","14.88"
"INDUSINDBK","1,046.90","1,063.30","1,042.70","1,034.25","1,050.80","-","16.55","1.60","34,70,607","364.77","1,576.35","923.70","11.64","-30.73"
"SUNDARMFIN","4,545.00","4,630.30","4,473.55","4,479.60","4,548.20","-","68.60","1.53","69,901","31.83","5,535.85","3,622.25","1.59","6.69"
"BANDHANBNK","140.60","146.38","137.28","135.34","137.30","-","1.96","1.45","3,99,70,968","568.91","222.31","128.16","-9.47","-32.72"
"HINDALCO","625.10","631.70","619.50","619.45","628.30","-","8.85","1.43","46,72,919","291.96","772.65","499.00","5.55","21.54"
"MUTHOOTFIN","2,217.65","2,255.00","2,195.00","2,183.25","2,213.25","-","30.00","1.37","9,38,102","208.44","2,334.80","1,261.90","2.07","68.68"
"HDFCBANK","1,682.55","1,704.20","1,682.55","1,682.35","1,703.70","-","21.35","1.27","84,00,636","1,426.50","1,880.00","1,397.30","3.22","18.46"
"AXISBANK","1,007.65","1,023.00","1,005.15","1,009.10","1,021.80","-","12.70","1.26","50,69,277","515.59","1,339.65","933.50","6.43","-6.48"
"INDUSTOWER","331.65","339.45","329.50","331.60","335.70","-","4.10","1.24","54,91,526","183.87","460.35","227.25","-4.97","38.02"
"ZOMATO","226.00","228.23","225.05","225.63","227.85","-","2.22","0.98","1,89,95,205","430.45","304.70","144.30","9.42","39.88"
"ICICIGI","1,682.20","1,735.00","1,676.25","1,687.75","1,702.85","-","15.10","0.89","6,08,180","104.19","2,301.90","1,480.50","-5.11","-2.26"
"JUBLFOOD","680.80","697.30","680.00","680.95","686.00","-","5.05","0.74","14,76,727","101.62","796.75","421.05","6.62","40.91"
"JSWSTEEL","958.75","981.00","958.70","958.75","965.85","-","7.10","0.74","12,21,449","118.62","1,063.00","761.75","4.29","17.07"
"NESTLEIND","2,260.20","2,271.10","2,250.00","2,250.40","2,266.20","-","15.80","0.70","4,08,711","92.49","2,778.00","2,131.25","3.48","-13.40"
"BHARTIARTL","1,643.40","1,656.00","1,638.65","1,641.40","1,652.60","-","11.20","0.68","38,90,932","641.03","1,779.00","1,099.00","2.42","45.58"
"HINDZINC","407.00","410.55","403.05","407.25","409.95","-","2.70","0.66","5,94,934","24.27","807.70","284.60","-9.67","31.52"
"SUNPHARMA","1,628.95","1,628.95","1,605.05","1,613.60","1,623.40","-","9.80","0.61","13,58,481","219.78","1,960.35","1,377.20","-9.70","1.95"
"IDFCFIRSTB","59.00","60.46","59.00","58.81","59.16","-","0.35","0.60","2,70,68,964","161.60","86.10","56.43","3.67","-29.40"
"INDIGO","4,443.50","4,499.00","4,418.00","4,427.45","4,452.30","-","24.85","0.56","3,31,207","147.36","5,035.00","3,020.00","6.03","39.10"
"ALKEM","4,610.40","4,628.95","4,522.00","4,563.70","4,587.75","-","24.05","0.53","1,47,360","67.43","6,439.90","4,407.05","-8.04","-9.52"
"MARICO","610.00","625.00","609.95","621.80","624.50","-","2.70","0.43","9,71,539","60.33","736.90","486.30","-5.31","18.83"
"MFSL","1,002.00","1,022.60","1,002.00","1,015.80","1,020.20","-","4.40","0.43","16,49,830","167.54","1,306.45","864.00","-2.37","8.60"
"ATGL","583.05","596.60","572.85","579.05","581.55","-","2.50","0.43","10,57,362","61.93","1,190.00","545.75","-6.51","-44.76"
"ICICIBANK","1,225.15","1,234.85","1,219.75","1,224.15","1,229.20","-","5.05","0.41","54,05,634","664.31","1,362.35","1,038.50","-0.31","15.46"
"CUMMINSIND","2,766.35","2,820.90","2,766.35","2,788.15","2,799.45","-","11.30","0.41","2,98,864","83.68","4,171.90","2,636.75","0.47","1.24"
"POWERGRID","254.00","256.90","253.45","255.75","256.75","-","1.00","0.39","73,20,487","186.98","366.25","252.20","-10.89","-12.56"
"COALINDIA","359.00","362.65","356.15","361.15","362.50","-","1.35","0.37","31,34,484","112.37","543.55","349.25","-3.89","-18.18"
"WIPRO","294.00","295.80","291.50","291.30","292.00","-","0.70","0.24","98,63,964","289.71","324.60","208.50","-5.41","-45.19"
"RELIANCE","1,212.80","1,215.00","1,200.65","1,204.00","1,206.35","-","2.35","0.20","66,01,174","795.57","1,608.80","1,193.35","-2.06","-59.48"
"SHREECEM","28,101.00","28,427.20","27,741.55","28,197.45","28,235.05","-","37.60","0.13","32,328","90.80","28,900.00","23,500.00","12.20","7.66"
"NAUKRI","7,275.00","7,444.00","7,271.05","7,323.65","7,333.40","-","9.75","0.13","1,58,789","117.07","9,128.90","4,969.55","4.48","37.01"
"PETRONET","291.00","294.70","285.90","291.50","291.75","-","0.25","0.09","34,05,871","98.65","384.20","253.40","-6.21","3.61"
"ADANIPORTS","1,083.00","1,087.95","1,069.10","1,080.35","1,080.45","-","0.10","0.01","9,14,822","98.51","1,621.40","995.65","-0.15","-18.74"
"BALKRISIND","2,694.00","2,717.85","2,666.25","2,678.70","2,678.80","-","0.10","-","59,637","16.01","3,375.00","2,193.80","4.45","17.01"
"TITAN","3,198.80","3,217.95","3,176.95","3,198.80","3,197.95","-","-0.85","-0.03","2,56,172","81.88","3,867.00","3,055.65","-3.63","-12.45"
"AUROPHARMA","1,081.65","1,090.00","1,065.85","1,081.05","1,080.25","-","-0.80","-0.07","4,63,108","49.92","1,592.00","984.30","-8.10","3.39"
"SBILIFE","1,464.00","1,479.90","1,454.00","1,471.75","1,469.80","-","-1.95","-0.13","7,07,526","103.83","1,936.00","1,307.70","3.32","-4.60"
"INDIANB","522.00","530.15","516.75","522.00","521.15","-","-0.85","-0.16","6,45,200","33.80","632.70","467.30","4.70","-2.75"
"IDEA","7.99","8.03","7.86","7.91","7.89","-","-0.02","-0.25","21,57,85,282","171.12","19.18","6.61","-11.02","-50.09"
"ADANIPOWER","503.00","512.20","495.35","497.80","496.40","-","-1.40","-0.28","63,51,053","320.05","895.85","432.00","0.18","-"
"BRITANNIA","4,798.05","4,860.70","4,781.95","4,798.05","4,784.10","-","-13.95","-0.29","2,28,234","109.72","6,469.90","4,641.00","-7.31","-2.17"
"APLAPOLLO","1,461.85","1,472.80","1,450.15","1,464.65","1,460.25","-","-4.40","-0.30","1,83,493","26.72","1,728.95","1,272.70","-3.38","-0.65"
"HDFCLIFE","625.00","627.85","617.20","622.15","620.20","-","-1.95","-0.31","9,35,324","58.22","761.20","511.40","1.96","6.97"
"LUPIN","1,900.70","1,916.00","1,881.05","1,899.20","1,893.15","-","-6.05","-0.32","7,05,781","134.27","2,402.90","1,493.30","-8.65","17.05"
"FEDERALBNK","179.00","180.84","177.74","178.71","178.11","-","-0.60","-0.34","75,68,935","135.36","217.00","139.65","-6.50","15.89"
"TATACONSUM","1,005.00","1,009.80","999.60","1,004.85","1,000.80","-","-4.05","-0.40","6,90,085","69.34","1,256.44","882.90","4.04","-15.10"
"ADANIENT","2,143.75","2,149.10","2,115.05","2,129.85","2,121.00","-","-8.85","-0.42","5,36,844","114.33","3,743.90","2,025.00","-5.75","-35.50"
"TCS","3,611.70","3,638.00","3,600.70","3,629.55","3,613.35","-","-16.20","-0.45","20,70,590","748.25","4,592.25","3,591.50","-10.72","-11.57"
"PAGEIND","42,240.00","42,240.00","41,500.00","41,929.55","41,740.15","-","-189.40","-0.45","19,979","83.34","49,849.95","33,070.05","-5.94","17.53"
"DRREDDY","1,128.50","1,136.35","1,115.00","1,128.15","1,122.95","-","-5.20","-0.46","19,80,133","222.59","1,421.49","1,115.00","-5.80","-82.51"
"ASTRAL","1,389.45","1,399.00","1,374.30","1,389.45","1,382.95","-","-6.50","-0.47","3,86,807","53.54","2,454.00","1,305.55","-4.97","-33.69"
"HAL","3,300.00","3,316.70","3,230.00","3,287.40","3,271.75","-","-15.65","-0.48","11,52,548","376.65","5,674.75","2,913.60","-10.44","6.20"
"JINDALSTEL","853.00","872.55","847.45","856.80","852.70","-","-4.10","-0.48","10,09,670","86.70","1,097.00","723.35","1.68","10.40"
"DMART","3,556.00","3,575.00","3,503.35","3,530.75","3,513.00","-","-17.75","-0.50","3,12,584","110.31","5,484.85","3,399.00","-0.06","-8.34"
"ICICIPRULI","565.00","571.90","561.75","566.70","563.80","-","-2.90","-0.51","10,62,220","60.27","796.80","515.45","-3.79","9.22"
"ZYDUSLIFE","887.45","905.00","872.35","882.95","878.40","-","-4.55","-0.52","8,07,203","70.91","1,324.30","855.10","-4.30","-6.35"
"INDHOTEL","722.10","732.85","716.10","724.65","720.90","-","-3.75","-0.52","13,81,518","100.04","894.90","506.45","-4.68","22.98"
"ASIANPAINT","2,214.00","2,228.40","2,206.05","2,224.75","2,213.20","-","-11.55","-0.52","4,73,638","104.99","3,394.90","2,185.70","-1.19","-22.20"
"PFC","382.00","387.60","379.40","381.95","379.90","-","-2.05","-0.54","71,62,748","274.69","580.00","351.70","-1.99","-4.87"
"BANKBARODA","207.00","208.51","202.70","204.77","203.53","-","-1.24","-0.61","48,65,007","99.83","299.70","200.18","-6.76","-24.26"
"PATANJALI","1,829.60","1,845.70","1,808.10","1,825.45","1,814.20","-","-11.25","-0.62","3,79,379","68.93","1,992.20","1,169.95","0.41","12.49"
"SBIN","716.00","717.70","705.65","710.90","706.50","-","-4.40","-0.62","62,94,875","446.87","912.00","705.65","-5.11","-5.19"
"NYKAA","165.00","165.00","161.55","163.14","162.09","-","-1.05","-0.64","25,02,265","40.73","229.80","145.30","-2.24","6.56"
"NMDC","65.10","65.25","64.10","64.81","64.39","-","-0.42","-0.65","67,14,823","43.39","95.45","59.70","0.59","-71.20"
"ADANIGREEN","848.65","859.45","835.15","840.65","835.15","-","-5.50","-0.65","33,51,010","282.87","2,174.10","819.10","-15.85","-57.53"
"MRF","1,07,399.00","1,07,879.85","1,05,510.00","1,07,203.95","1,06,500.00","-","-703.95","-0.66","5,515","58.81","1,51,224.75","1,05,510.00","-3.64","-27.15"
"GMRAIRPORT","69.95","70.34","69.10","69.77","69.30","-","-0.47","-0.67","56,58,721","39.35","103.75","67.81","-1.05","-"
"UNITDSPR","1,338.00","1,360.85","1,336.50","1,346.10","1,336.95","-","-9.15","-0.68","4,31,680","58.26","1,700.00","1,081.50","-3.22","-"
"INFY","1,755.20","1,775.85","1,755.00","1,767.70","1,755.65","-","-12.05","-0.68","25,59,499","451.52","2,006.45","1,358.35","-2.98","6.26"
"LT","3,238.00","3,258.50","3,201.95","3,225.90","3,203.75","-","-22.15","-0.69","10,41,528","335.94","3,963.50","3,175.05","-6.70","-8.00"
"ADANIENSOL","673.50","678.45","664.35","669.70","665.05","-","-4.65","-0.69","6,85,531","45.92","1,348.00","588.00","-11.37","-40.35"
"HCLTECH","1,620.00","1,660.00","1,615.20","1,636.10","1,624.25","-","-11.85","-0.72","12,02,084","195.30","2,012.20","1,235.00","-4.43","-1.37"
"ACC","1,836.00","1,840.00","1,807.00","1,834.05","1,820.50","-","-13.55","-0.74","1,42,754","25.99","2,844.00","1,807.00","-8.09","-31.29"
"TATASTEEL","137.21","138.50","135.88","137.07","136.05","-","-1.02","-0.74","1,75,33,601","239.91","184.60","122.62","8.47","-4.94"
"BDL","1,015.00","1,025.45","995.25","1,023.70","1,015.80","-","-7.90","-0.77","4,59,961","46.40","1,794.70","776.05","-15.01","-45.78"
"GODREJCP","1,057.10","1,067.70","1,047.05","1,057.10","1,048.90","-","-8.20","-0.78","8,19,346","86.06","1,541.85","997.20","-6.17","-16.50"
"AMBUJACEM","470.00","472.85","459.15","469.25","465.35","-","-3.90","-0.83","22,10,808","102.74","706.95","453.05","-12.27","-22.23"
"LODHA","1,194.00","1,215.00","1,174.55","1,196.60","1,186.50","-","-10.10","-0.84","10,65,742","127.80","1,649.95","977.35","8.44","4.30"
"BOSCHLTD","27,288.00","27,341.10","26,711.10","27,164.55","26,931.95","-","-232.60","-0.86","12,500","33.76","39,088.80","26,501.05","-8.55","-5.89"
"ITC","404.85","406.50","399.50","404.85","401.20","-","-3.65","-0.90","64,65,511","259.87","528.50","396.20","-8.01","-1.53"
"MARUTI","12,531.70","12,550.00","12,349.85","12,476.35","12,363.85","-","-112.50","-0.90","1,28,434","159.30","13,680.00","10,725.00","4.02","8.48"
"PIDILITIND","2,699.25","2,717.90","2,666.00","2,696.50","2,671.50","-","-25.00","-0.93","1,38,164","37.10","3,415.00","2,660.10","-5.95","-1.30"
"IRFC","123.50","124.00","120.73","123.26","122.11","-","-1.15","-0.93","1,33,03,272","161.99","229.00","116.65","-10.06","-18.69"
"UNIONBANK","116.75","117.70","114.78","116.29","115.20","-","-1.09","-0.94","53,98,587","62.65","172.50","100.81","10.13","-20.40"
"POLICYBZR","1,523.85","1,523.85","1,457.25","1,505.50","1,491.35","-","-14.15","-0.94","7,82,039","115.81","2,246.90","1,017.55","-11.13","32.59"
"NTPC","315.35","319.30","314.50","318.70","315.70","-","-3.00","-0.94","38,69,919","122.21","448.45","292.80","-1.09","-5.18"
"MAZDOCK","2,131.00","2,149.50","2,086.00","2,123.25","2,103.00","-","-20.25","-0.95","10,17,860","214.72","2,930.00","897.70","-4.72","1.47"
"ESCORTS","2,923.35","2,950.90","2,904.05","2,941.85","2,913.50","-","-28.35","-0.96","83,720","24.43","4,420.00","2,670.55","-12.63","3.02"
"LICHSGFIN","521.00","524.70","514.50","521.45","516.40","-","-5.05","-0.97","15,83,229","82.20","826.75","514.50","-7.53","-19.72"
"TORNTPOWER","1,322.50","1,335.60","1,295.65","1,322.50","1,308.65","-","-13.85","-1.05","2,01,689","26.46","2,037.00","1,064.50","-9.14","14.89"
"APOLLOHOSP","6,261.00","6,282.25","6,145.45","6,251.35","6,185.40","-","-65.95","-1.05","2,63,232","163.00","7,545.35","5,693.20","-6.63","-5.58"
"HINDUNILVR","2,269.65","2,269.65","2,233.10","2,259.30","2,234.95","-","-24.35","-1.08","9,00,586","202.75","3,035.00","2,172.05","-5.58","-6.07"
"KOTAKBANK","1,972.00","1,975.00","1,942.40","1,967.25","1,945.95","-","-21.30","-1.08","14,85,302","290.25","1,994.90","1,543.85","4.56","15.26"
"BHARATFORG","1,045.25","1,050.00","1,024.30","1,045.20","1,033.75","-","-11.45","-1.10","4,95,140","51.36","1,804.50","1,024.30","-12.71","-11.27"
"PERSISTENT","5,525.00","5,550.30","5,419.50","5,508.10","5,447.40","-","-60.70","-1.10","2,16,979","118.85","6,788.90","1,965.50","-9.13","-35.34"
"TECHM","1,575.00","1,595.70","1,574.90","1,593.95","1,576.30","-","-17.65","-1.11","11,49,867","182.33","1,807.70","1,162.95","-3.62","22.99"
"SAIL","106.20","107.98","104.69","106.17","104.99","-","-1.18","-1.11","1,04,72,180","110.86","175.35","99.15","2.65","-15.30"
"VEDL","409.00","412.50","402.25","409.25","404.55","-","-4.70","-1.15","55,86,899","227.81","526.95","249.50","-3.46","55.08"
"PNB","93.50","93.85","91.86","93.12","92.05","-","-1.07","-1.15","1,50,21,903","139.27","142.90","90.16","-2.50","-24.54"
"CIPLA","1,452.00","1,464.30","1,436.00","1,463.35","1,446.10","-","-17.25","-1.18","6,89,563","99.90","1,702.05","1,317.25","4.82","-1.62"
"SJVN","89.54","89.99","88.11","89.53","88.46","-","-1.07","-1.20","46,47,617","41.33","159.65","86.25","-1.76","-26.79"
"MAXHEALTH","1,027.80","1,037.95","1,008.25","1,022.90","1,010.65","-","-12.25","-1.20","27,53,330","281.12","1,227.95","706.45","-0.68","20.36"
"TORNTPHARM","3,030.00","3,050.00","2,985.00","3,031.05","2,994.70","-","-36.35","-1.20","1,31,886","39.63","3,590.70","2,487.80","-9.19","15.43"
"ASHOKLEY","227.50","227.59","222.35","227.23","224.41","-","-2.82","-1.24","50,64,414","114.09","264.65","157.55","15.18","30.59"
"PAYTM","736.00","749.70","715.05","734.70","725.50","-","-9.20","-1.25","31,84,384","232.06","1,062.95","310.00","-5.80","71.84"
"RECLTD","381.00","386.40","377.10","383.60","378.75","-","-4.85","-1.26","33,31,618","127.03","654.00","375.70","-10.48","-13.45"
"IDBI","72.05","72.45","70.85","71.90","70.98","-","-0.92","-1.28","20,25,800","14.47","107.90","65.89","-10.47","-18.76"
"SOLARINDS","8,853.10","8,866.00","8,670.05","8,870.10","8,754.50","-","-115.60","-1.30","44,600","39.02","13,298.00","6,701.00","-4.72","29.49"
"BEL","257.10","258.40","252.15","256.65","253.20","-","-3.45","-1.34","67,09,378","171.08","340.50","179.10","-2.40","24.98"
"OBEROIRLTY","1,543.50","1,546.75","1,507.60","1,543.35","1,522.50","-","-20.85","-1.35","7,70,216","117.35","2,343.65","1,283.85","-8.41","11.43"
"JIOFIN","226.36","228.00","222.30","226.32","223.23","-","-3.09","-1.37","1,08,89,837","243.37","394.70","217.01","-2.99","-28.94"
"LICI","757.00","759.00","745.60","756.55","746.15","-","-10.40","-1.37","7,50,055","56.27","1,222.00","744.95","-6.49","-27.27"
"EICHERMOT","4,960.50","5,000.00","4,912.55","4,989.80","4,919.90","-","-69.90","-1.40","2,16,681","107.15","5,575.50","3,672.00","-3.01","24.66"
"LTIM","4,951.00","4,980.00","4,874.65","4,963.20","4,892.35","-","-70.85","-1.43","1,67,479","82.45","6,767.95","4,513.55","-12.71","-8.81"
"COLPAL","2,493.00","2,545.80","2,483.55","2,520.00","2,484.00","-","-36.00","-1.43","5,85,770","147.10","3,890.00","2,411.00","-6.96","-0.46"
"KALYANKJIL","479.00","483.95","458.55","478.05","471.10","-","-6.95","-1.45","56,46,193","265.29","795.40","336.05","9.34","29.03"
"TATAMOTORS","662.00","665.00","650.00","661.60","651.85","-","-9.75","-1.47","79,45,458","520.15","1,179.00","650.00","-7.22","-31.28"
"COCHINSHIP","1,305.00","1,313.40","1,270.10","1,304.65","1,285.00","-","-19.65","-1.51","3,92,056","50.41","2,979.45","713.35","-7.03","52.76"
"OFSS","8,210.05","8,258.00","8,025.50","8,208.90","8,084.85","-","-124.05","-1.51","73,786","59.68","13,220.00","7,022.55","-11.72","4.58"
"JSWINFRA","256.40","257.15","251.00","256.20","252.25","-","-3.95","-1.54","10,27,084","25.95","360.95","211.10","-1.74","2.56"
"DABUR","510.15","515.00","501.50","510.95","502.95","-","-8.00","-1.57","7,15,329","36.13","672.00","489.20","-2.46","-4.60"
"YESBANK","17.79","17.93","17.46","17.79","17.51","-","-0.28","-1.57","3,86,79,266","68.31","28.55","17.06","-3.79","-29.12"
"IOB","46.30","46.84","45.45","46.23","45.49","-","-0.74","-1.60","17,76,919","8.16","75.55","44.48","-7.41","-28.33"
"GAIL","160.00","161.94","157.47","160.74","158.13","-","-2.61","-1.62","55,82,697","88.50","246.30","155.51","-4.12","-10.95"
"ONGC","233.50","233.85","228.50","233.00","229.20","-","-3.80","-1.63","49,23,716","113.21","345.00","223.00","-7.09","-13.50"
"IRB","46.40","46.70","45.51","46.38","45.61","-","-0.77","-1.66","72,44,941","33.24","78.15","45.06","-6.40","-29.89"
"BANKINDIA","98.09","98.92","96.24","98.08","96.45","-","-1.63","-1.66","60,94,223","59.48","157.95","90.05","-5.95","-27.78"
"HINDPETRO","311.00","312.80","302.30","309.85","304.65","-","-5.20","-1.68","31,62,669","97.10","457.15","295.37","-10.44","-41.52"
"GODREJPROP","1,985.00","2,002.10","1,936.50","1,987.05","1,952.40","-","-34.65","-1.74","6,12,358","120.63","3,402.70","1,901.00","-5.19","-20.30"
"UPL","648.00","648.35","635.05","647.50","636.15","-","-11.35","-1.75","15,36,394","98.66","658.25","430.58","19.39","33.62"
"DIVISLAB","5,726.40","5,785.00","5,579.25","5,726.40","5,625.60","-","-100.80","-1.76","1,35,938","76.76","6,285.45","3,350.00","2.68","61.77"
"MANKIND","2,344.00","2,353.85","2,296.00","2,342.10","2,300.00","-","-42.10","-1.80","3,23,248","74.91","3,054.80","1,901.05","-4.56","11.57"
"TATACOMM","1,406.60","1,411.60","1,376.90","1,405.45","1,380.00","-","-25.45","-1.81","1,84,610","25.63","2,175.00","1,376.90","-10.45","-26.40"
"CANBK","85.03","85.58","83.26","85.02","83.45","-","-1.57","-1.85","1,59,94,524","134.85","128.90","83.26","-7.52","-85.13"
"PIIND","3,084.80","3,097.95","3,006.65","3,084.80","3,027.65","-","-57.15","-1.85","2,21,504","67.26","4,804.05","3,006.65","-8.55","-16.00"
"IOC","118.26","119.00","116.28","118.65","116.45","-","-2.20","-1.85","65,50,682","76.91","185.97","114.40","-4.45","-31.52"
"M&M","2,837.00","2,840.00","2,706.40","2,777.85","2,726.00","-","-51.85","-1.87","15,98,884","439.48","3,270.95","1,788.80","-1.90","42.41"
"BAJAJ-AUTO","8,360.10","8,413.95","8,213.30","8,417.90","8,259.55","-","-158.35","-1.88","2,25,920","186.76","12,774.00","7,890.00","0.40","-0.54"
"MAHABANK","48.60","49.10","47.75","48.71","47.79","-","-0.92","-1.89","48,14,560","23.31","73.50","46.11","0.19","-18.68"
"TVSMOTOR","2,360.65","2,384.25","2,304.10","2,360.65","2,313.95","-","-46.70","-1.98","3,28,799","76.77","2,958.00","1,873.00","5.79","10.66"
"DLF","660.00","666.40","642.15","656.80","643.70","-","-13.10","-1.99","20,68,917","134.57","967.60","642.15","-6.69","-28.33"
"BPCL","248.45","249.40","242.75","248.45","243.45","-","-5.00","-2.01","38,64,463","94.64","376.00","242.20","-4.92","-60.25"
"SUPREMEIND","3,575.95","3,601.50","3,501.50","3,575.95","3,503.55","-","-72.40","-2.02","1,03,946","36.98","6,460.00","3,452.05","0.84","-14.34"
"TATAELXSI","5,695.65","5,721.55","5,574.00","5,695.65","5,579.95","-","-115.70","-2.03","1,07,352","60.51","9,080.00","5,574.00","-7.48","-25.46"
"NHPC","76.35","76.99","73.51","76.01","74.41","-","-1.60","-2.10","1,34,11,837","100.44","118.40","71.00","1.66","-15.73"
"MOTHERSON","124.99","125.49","122.55","125.64","122.97","-","-2.67","-2.13","1,76,76,098","218.39","216.99","107.50","-8.63","8.92"
"IRCTC","710.35","714.70","694.50","710.35","695.25","-","-15.10","-2.13","8,84,571","62.07","1,138.90","695.00","-5.00","-25.44"
"GRASIM","2,373.00","2,379.30","2,317.10","2,379.30","2,328.65","-","-50.65","-2.13","6,70,193","156.79","2,877.75","2,128.60","-3.20","7.91"
"HEROMOTOCO","3,808.15","3,810.30","3,725.25","3,828.25","3,745.15","-","-83.10","-2.17","5,59,474","210.15","6,246.25","3,725.25","-4.67","-13.58"
"OIL","373.90","376.40","362.15","372.40","364.25","-","-8.15","-2.19","18,35,076","67.39","767.90","342.00","-8.42","-35.16"
"JSWENERGY","474.50","476.25","456.05","467.25","457.00","-","-10.25","-2.19","24,22,150","112.90","804.90","418.75","-12.56","-10.46"
"KPITTECH","1,292.90","1,295.45","1,253.95","1,285.50","1,257.20","-","-28.30","-2.20","2,87,742","36.48","1,928.70","1,223.25","-1.23","-18.64"
"APOLLOTYRE","398.95","400.20","389.20","398.95","389.75","-","-9.20","-2.31","5,33,128","20.98","584.90","389.20","-4.91","-22.99"
"CONCOR","674.00","678.30","660.05","675.95","660.20","-","-15.75","-2.33","7,60,557","50.89","1,180.00","655.80","-8.28","-30.46"
"TATATECH","725.00","729.90","712.30","731.15","714.00","-","-17.15","-2.35","4,20,858","30.28","1,161.00","711.20","-3.80","-32.03"
"TRENT","4,951.00","4,959.00","4,818.00","4,959.90","4,843.40","-","-116.50","-2.35","5,41,104","262.97","8,345.00","3,750.25","-8.36","25.97"
"ABFRL","248.55","248.55","242.05","248.55","242.70","-","-5.85","-2.35","12,68,608","31.02","364.40","198.75","-7.52","8.58"
"CGPOWER","598.00","598.15","575.00","598.50","584.35","-","-14.15","-2.36","22,69,312","132.32","874.70","421.00","0.51","36.30"
"HUDCO","178.80","179.99","172.79","178.21","173.98","-","-4.23","-2.37","33,46,690","58.86","353.70","152.55","-15.02","-10.45"
"TATAPOWER","353.25","356.00","341.00","351.50","343.15","-","-8.35","-2.38","41,19,735","142.86","494.85","326.35","-0.11","-6.40"
"EXIDEIND","363.80","364.45","352.55","363.85","355.05","-","-8.80","-2.42","12,21,844","43.56","620.35","290.35","4.63","11.56"
"IGL","198.60","199.00","193.20","198.18","193.30","-","-4.88","-2.46","21,35,514","41.85","285.18","153.05","-47.50","-53.05"
"TIINDIA","2,590.05","2,603.95","2,519.30","2,595.45","2,530.60","-","-64.85","-2.50","1,35,292","34.48","4,810.80","2,513.50","-19.02","-27.00"
"HDFCAMC","3,745.10","3,762.85","3,646.50","3,765.25","3,670.40","-","-94.85","-2.52","4,07,896","150.55","4,864.00","3,415.55","1.37","-3.55"
"DIXON","14,222.15","14,240.00","13,630.00","14,151.60","13,794.15","-","-357.45","-2.53","1,60,303","221.35","19,148.90","6,472.00","-8.30","109.30"
"COFORGE","7,719.95","7,719.95","7,430.00","7,633.75","7,438.65","-","-195.10","-2.56","1,85,324","139.70","10,026.80","4,287.25","-13.27","16.34"
"TATACHEM","827.25","829.00","801.85","827.70","805.45","-","-22.25","-2.69","4,86,077","39.51","1,349.00","801.85","-12.32","-13.94"
"SONACOMS","507.00","507.00","491.85","508.90","494.40","-","-14.50","-2.85","7,37,743","36.82","768.65","475.05","-0.66","-26.04"
"NLCINDIA","210.80","212.69","204.55","211.78","205.25","-","-6.53","-3.08","6,18,133","12.90","311.80","186.03","0.99","-9.75"
"MPHASIS","2,445.00","2,449.00","2,360.00","2,452.90","2,376.55","-","-76.35","-3.11","4,79,199","114.95","3,237.95","2,187.00","-16.49","-8.78"
"IREDA","173.55","174.50","167.11","173.55","167.75","-","-5.80","-3.34","38,35,193","65.19","310.00","121.05","-7.14","12.04"
"SIEMENS","4,840.85","4,867.75","4,671.05","4,837.75","4,674.50","-","-163.25","-3.37","2,24,042","105.55","8,129.90","4,495.00","-16.41","5.51"
"ABB","5,301.80","5,317.70","5,110.00","5,301.80","5,120.95","-","-180.85","-3.41","3,24,643","167.77","9,149.95","5,019.75","-12.85","-2.73"
"BIOCON","322.25","322.80","308.65","321.20","310.05","-","-11.15","-3.47","19,33,369","60.67","404.70","244.55","-13.25","16.50"
"DELHIVERY","262.25","264.00","252.35","261.90","252.60","-","-9.30","-3.55","33,38,404","85.60","485.00","252.35","-16.30","-44.36"
"MRPL","114.07","114.57","110.00","114.31","110.10","-","-4.21","-3.68","4,84,072","5.39","259.90","107.75","-9.94","-51.48"
"PHOENIXLTD","1,552.05","1,567.40","1,499.05","1,562.45","1,501.95","-","-60.50","-3.87","10,09,430","154.40","2,068.50","1,215.40","5.29","-44.76"
"BHEL","195.04","195.49","186.50","194.61","186.99","-","-7.62","-3.92","65,23,902","123.70","335.35","183.19","0.04","-12.57"
"RVNL","363.05","364.70","347.40","363.50","348.45","-","-15.05","-4.14","42,04,647","148.75","647.00","213.05","-9.32","36.19"
"PRESTIGE","1,178.95","1,179.00","1,131.00","1,192.00","1,141.10","-","-50.90","-4.27","9,89,446","113.70","2,074.80","967.30","-4.17","-1.48"
"SUZLON","54.64","54.94","51.75","54.58","52.13","-","-2.45","-4.49","2,68,59,981","142.30","86.04","35.50","8.66","-"
"ULTRACEMCO","10,800.00","10,800.00","10,264.40","10,964.15","10,434.30","-","-529.85","-4.83","12,84,652","1,340.86","12,145.35","9,250.00","-2.45","10.18"
"HAVELLS","1,472.00","1,476.00","1,402.20","1,547.90","1,457.25","-","-90.65","-5.86","45,25,231","653.38","2,106.00","1,402.20","2.80","5.36"
"BSE","5,514.95","5,524.00","5,151.70","5,502.00","5,178.90","-","-323.10","-5.87","20,26,743","1,064.53","6,133.40","1,941.05","1.12","129.62"
"VBL","475.50","476.50","439.90","476.50","446.60","-","-29.90","-6.27","1,47,44,835","668.09","681.12","439.90","-9.27","-67.52"
"POLYCAB","5,400.00","5,400.00","4,751.15","5,765.60","4,763.00","-","-1,002.60","-17.39","35,65,454","1,765.05","7,605.00","4,635.05","2.16","20.95"
